country,local_I,p_sim,quadrant,significant,cluster
AL,0.3823830219166761,0.116,Low-Low,False,Not significant
AT,0.03731776594934471,0.22,High-High,False,Not significant
BA,0.13056042747489655,0.347,Low-Low,False,Not significant
BE,4.112688479319818,0.001,High-High,True,High-High
BG,0.10117233295500411,0.256,Low-Low,False,Not significant
CH,0.042239695345560185,0.007,High-High,True,High-High
CY,0.12461500113963256,0.124,Low-Low,False,Not significant
CZ,0.5832395371767424,0.087,High-High,False,Not significant
DE,2.9422963285018024,0.001,High-High,True,High-High
DK,-0.16893177278356955,0.001,Low-High,True,Low-High
EE,0.6429532138515641,0.019,Low-Low,True,Low-Low
EL,0.3474513552327413,0.06,Low-Low,False,Not significant
ES,-0.10876103006357557,0.228,Low-High,False,Not significant
FI,0.7138991508544651,0.006,Low-Low,True,Low-Low
FR,0.043752942684567295,0.212,High-High,False,Not significant
HR,-0.00806557488628701,0.397,Low-High,False,Not significant
HU,-0.05014797863389908,0.468,High-Low,False,Not significant
IE,-1.6842245915469851,0.001,Low-High,True,Low-High
IS,1.0920958604203799,0.04,Low-Low,True,Low-Low
IT,-0.09813889827389344,0.49,High-Low,False,Not significant
LT,0.08109003790295224,0.442,Low-Low,False,Not significant
LU,2.507277116218253,0.001,High-High,True,High-High
LV,0.3500527268343845,0.185,Low-Low,False,Not significant
ME,0.4404965282804256,0.137,Low-Low,False,Not significant
MK,0.322723701452261,0.104,Low-Low,False,Not significant
MT,0.03948951515550671,0.264,Low-Low,False,Not significant
NL,4.202298218944752,0.001,High-High,True,High-High
NO,0.7820516057979365,0.048,Low-Low,True,Low-Low
PL,0.19277955502972272,0.261,High-High,False,Not significant
PT,0.08217357544109205,0.321,Low-Low,False,Not significant
RO,-0.018423213922628207,0.382,Low-High,False,Not significant
RS,0.030232309940899205,0.224,Low-Low,False,Not significant
SE,0.9420507102887095,0.006,Low-Low,True,Low-Low
SI,-0.013013072564328633,0.49,High-Low,False,Not significant
SK,0.17029387299848428,0.139,High-High,False,Not significant
UK,0.9449472956051304,0.004,High-High,True,High-High
