time,n_countries,I,p_sim
2019-01-01,36,0.5465760623633154,0.001
2019-02-01,36,0.5454632944775608,0.001
2019-03-01,36,0.5529164578067042,0.001
2019-04-01,36,0.3887615353341557,0.001
2019-05-01,36,-0.03126779880096588,0.488
2019-06-01,36,0.5011422006052207,0.001
2019-07-01,36,0.4382714260236705,0.002
2019-08-01,36,0.21985837663372323,0.014
2019-09-01,36,0.32915075727288856,0.001
2019-10-01,36,0.6217271703327064,0.001
2019-11-01,36,0.29887595480022633,0.002
2019-12-01,33,0.034907260686370165,0.231
2020-01-01,35,0.3071167276323856,0.002
2020-02-01,36,0.264905812130824,0.003
2020-03-01,36,0.4887024290521666,0.001
2020-04-01,36,0.22010684956765647,0.02
2020-05-01,36,0.3659993209903388,0.001
2020-06-01,36,0.6295091928918413,0.001
2020-07-01,36,0.6488918910573513,0.001
2020-08-01,36,0.3704167852517544,0.001
2020-09-01,36,0.3001216065353617,0.001
2020-10-01,36,0.6343280293711455,0.001
2020-11-01,36,0.3002755851270668,0.001
2020-12-01,33,0.11071513364265531,0.104
2021-01-01,36,0.18736448144150517,0.025
2021-02-01,36,0.3990946895670553,0.001
2021-03-01,36,0.4873513858988048,0.001
2021-04-01,36,0.046996106687336975,0.174
2021-05-01,36,0.41155861535168625,0.002
2021-06-01,36,0.4997055076773023,0.001
2021-07-01,36,0.357859175158671,0.001
2021-08-01,36,0.4517991160187598,0.001
2021-09-01,36,0.24919732500239514,0.011
2021-10-01,36,0.5245220398863972,0.001
2021-11-01,36,0.23720937859853633,0.004
2021-12-01,33,0.3285453133118514,0.003
2022-01-01,35,0.39374610293226686,0.001
2022-02-01,36,0.266808414744788,0.002
2022-03-01,36,0.601592243146474,0.001
2022-04-01,36,0.1076150068825697,0.091
2022-05-01,36,0.2768064990351853,0.005
2022-06-01,36,0.35294997812159995,0.001
2022-07-01,36,0.5247225380100593,0.001
2022-08-01,36,0.5241975094317801,0.001
2022-09-01,36,-0.088167252349052,0.27
2022-10-01,36,0.2580667079446153,0.004
2022-11-01,36,0.24497264914387065,0.009
2022-12-01,34,0.33108435651984924,0.001
2023-01-01,36,-0.038413016205697564,0.497
2023-02-01,36,0.42659644860466667,0.001
2023-03-01,36,0.23350333808821513,0.01
2023-04-01,36,0.0888272259963316,0.113
2023-05-01,36,0.4174038071676882,0.001
2023-06-01,36,0.3942688493179535,0.001
2023-07-01,36,0.3403091696623644,0.001
2023-08-01,36,0.3926752363432587,0.003
2023-09-01,36,0.0510530177828513,0.204
2023-10-01,36,0.10227792194830747,0.091
2023-11-01,36,0.4697219699884327,0.001
2023-12-01,33,0.15756899728946158,0.037
2024-01-01,35,-0.0791772132759239,0.334
2024-02-01,36,0.5268415509053583,0.001
2024-03-01,36,0.072992700624669,0.161
2024-04-01,36,0.4284988970042028,0.001
2024-05-01,36,0.2887340052255633,0.005
2024-06-01,36,0.41635116184687404,0.001
2024-07-01,36,0.5511692092103122,0.001
2024-08-01,36,0.42560605610867136,0.002
2024-09-01,36,0.09343773764546273,0.109
2024-10-01,36,0.460133230001229,0.001
2024-11-01,36,0.31570421603369164,0.002
2024-12-01,33,0.3380094069603627,0.002
