date,eu27_actual,synthetic_control,gap,period
2019-01-01,3.550688295954083e-05,3.1637895867596716e-05,3.868987091944116e-06,pre
2019-02-01,4.711073731737172e-05,4.7309313956793164e-05,-1.9857663942144098e-07,pre
2019-03-01,3.415249150045729e-05,3.1675963847730426e-05,2.476527652726865e-06,pre
2019-04-01,3.393998909158469e-05,3.874391054538779e-05,-4.8039214538030995e-06,pre
2019-05-01,2.899762688728504e-05,2.8579953608667148e-05,4.17673278617892e-07,pre
2019-06-01,2.549120111110652e-05,2.667735699095589e-05,-1.1861558798493677e-06,pre
2019-07-01,2.4307988480752376e-05,2.6101901417930153e-05,-1.7939129371777775e-06,pre
2019-08-01,2.5598575426244612e-05,2.7289091356860542e-05,-1.6905159306159303e-06,pre
2019-09-01,2.8175108530654726e-05,3.10399028569402e-05,-2.8647943262854772e-06,pre
2019-10-01,3.409558173214379e-05,3.3980390863900724e-05,1.1519086824306678e-07,pre
2019-11-01,3.8192279855247425e-05,3.6027234609160786e-05,2.1650452460866392e-06,pre
2020-02-01,3.4147133313365674e-05,3.207463611680144e-05,2.072497196564237e-06,pre
2020-03-01,3.0290571242775525e-05,3.2475825485238836e-05,-2.1852542424633117e-06,pre
2020-04-01,2.8239086484024323e-05,3.062090916508334e-05,-2.381822681059018e-06,pre
2020-05-01,2.5599534787465675e-05,2.796241262824293e-05,-2.3628778407772543e-06,pre
2020-06-01,2.3349119196611565e-05,2.5031148325346097e-05,-1.6820291287345317e-06,pre
2020-07-01,2.255399983718425e-05,2.430774940820217e-05,-1.7537495710179209e-06,pre
2020-08-01,2.4677923463145783e-05,2.574555464916441e-05,-1.067631186018628e-06,pre
2020-09-01,3.0404587636237158e-05,3.03440918963676e-05,6.049573986955767e-08,pre
2020-10-01,3.0377818981296863e-05,2.7136223535064495e-05,3.2415954462323685e-06,pre
2020-11-01,3.669870468186992e-05,3.6999745346825325e-05,-3.010406649554077e-07,pre
2021-01-01,3.242509989500741e-05,2.5619804976614656e-05,6.805294918392753e-06,pre
2021-02-01,3.4248660645297245e-05,3.205063969994974e-05,2.198020945347502e-06,pre
2021-03-01,3.530368561200824e-05,3.1113608570365554e-05,4.190077041642684e-06,pre
2021-04-01,2.9534933324708198e-05,3.036895603089977e-05,-8.340227061915709e-07,pre
2021-05-01,2.4393326075197125e-05,2.47380765280894e-05,-3.447504528922746e-07,pre
2021-06-01,2.4477918901677354e-05,2.6638268686082062e-05,-2.1603497844047077e-06,pre
2021-07-01,2.2733578269257664e-05,2.4209377122507062e-05,-1.4757988532493981e-06,post
2021-08-01,2.2569681947550777e-05,2.3953011704748938e-05,-1.383329757198161e-06,post
2021-09-01,2.7408497083424853e-05,3.0089627728817212e-05,-2.681130645392359e-06,post
2021-10-01,3.4375739330930484e-05,3.286603045754126e-05,1.509708873389223e-06,post
2021-11-01,3.838485548168631e-05,3.9587211602632774e-05,-1.202356120946466e-06,post
2022-02-01,3.756896583716652e-05,3.226432205150437e-05,5.304643785662152e-06,post
2022-03-01,3.56599623555575e-05,3.671461049869361e-05,-1.054648143136113e-06,post
2022-04-01,2.7947220768234143e-05,2.9813155205852325e-05,-1.8659344376181812e-06,post
2022-05-01,2.485312728663981e-05,2.637425339849694e-05,-1.5211261118571305e-06,post
2022-06-01,2.4550909166211924e-05,2.5834757717366194e-05,-1.28384855115427e-06,post
2022-07-01,2.3942815059998957e-05,2.6317952705291707e-05,-2.3751376452927503e-06,post
2022-08-01,2.562787639335096e-05,2.7556942774502975e-05,-1.9290663811520143e-06,post
2022-09-01,2.6400672239893046e-05,2.6350925557831264e-05,4.974668206178117e-08,post
2022-10-01,3.195258265423488e-05,3.325589423415077e-05,-1.3033115799158913e-06,post
2022-11-01,3.724786055544777e-05,3.698632482978049e-05,2.615357256672746e-07,post
2023-01-01,3.4855045983992294e-05,3.5515869431356785e-05,-6.608234473644915e-07,post
2023-02-01,3.495300077775271e-05,3.580102299550008e-05,-8.480222177473725e-07,post
2023-03-01,3.0527439376727954e-05,2.7921112194637098e-05,2.6063271820908566e-06,post
2023-04-01,2.842836955218434e-05,2.7502223864761298e-05,9.261456874230436e-07,post
2023-05-01,2.57228462876812e-05,2.759179083185992e-05,-1.8689445441787178e-06,post
2023-06-01,2.5709966392555837e-05,2.9255314028487394e-05,-3.5453476359315574e-06,post
2023-07-01,2.305896642594557e-05,2.4118838084244407e-05,-1.0598716582988384e-06,post
2023-08-01,2.366268030416898e-05,2.5488563174719936e-05,-1.8258828705509556e-06,post
2023-09-01,2.793553813676352e-05,3.1038462222923006e-05,-3.102924086159486e-06,post
2023-10-01,2.9350961329782545e-05,3.157310896339706e-05,-2.2221476336145145e-06,post
2023-11-01,3.07322452061551e-05,2.988732148320798e-05,8.449237229471188e-07,post
2024-02-01,2.6307958745507685e-05,2.478558605245931e-05,1.5223726930483757e-06,post
2024-03-01,2.6706739154794637e-05,2.6743077239886895e-05,-3.633808509225794e-08,post
2024-04-01,2.577750237999534e-05,2.4672283551887665e-05,1.1052188281076733e-06,post
2024-05-01,2.4475891936751293e-05,2.6030386047661838e-05,-1.5544941109105453e-06,post
2024-06-01,2.26728884904327e-05,2.2963456875680324e-05,-2.905683852476227e-07,post
2024-07-01,2.1533180414697584e-05,2.2698168962187074e-05,-1.16498854748949e-06,post
2024-08-01,2.4840465547477155e-05,2.71609841036562e-05,-2.3205185561790467e-06,post
2024-09-01,2.657436932599065e-05,2.847692913171448e-05,-1.9025598057238303e-06,post
2024-10-01,3.2447688160157354e-05,3.5282559003036153e-05,-2.8348708428787997e-06,post
2024-11-01,3.624545759276231e-05,3.621956499472156e-05,2.589259804074872e-08,post
